type;sourceName;sourceVersion;device;creationDate;startDate;endDate;value
HKCategoryTypeIdentifierSleepAnalysis;Clock;50;<<HKDevice: 0x174c87f30>, name:iPhone, manufacturer:Apple, model:iPhone, hardware:iPhone8,4, software:10.0.2>;2016-10-31 07:00:17 -0500;2016-10-31 00:00:00 -0500;2016-10-31 06:30:12 -0500;HKCategoryValueSleepAnalysisInBed
HKCategoryTypeIdentifierSleepAnalysis;Clock;50;<<HKDevice: 0x174c87d00>, name:iPhone, manufacturer:Apple, model:iPhone, hardware:iPhone8,4, software:10.0.2>;2016-10-31 07:00:17 -0500;2016-10-31 06:30:44 -0500;2016-10-31 07:00:16 -0500;HKCategoryValueSleepAnalysisInBed
HKCategoryTypeIdentifierSleepAnalysis;Clock;50;<<HKDevice: 0x174c87bc0>, name:iPhone, manufacturer:Apple, model:iPhone, hardware:iPhone8,4, software:10.0.2>;2016-11-01 06:30:18 -0500;2016-11-01 05:20:54 -0500;2016-11-01 06:30:13 -0500;HKCategoryValueSleepAnalysisInBed
HKCategoryTypeIdentifierSleepAnalysis;Clock;50;<<HKDevice: 0x174c88070>, name:iPhone, manufacturer:Apple, model:iPhone, hardware:iPhone8,4, software:10.0.2>;2016-11-02 06:30:49 -0500;2016-11-02 02:22:32 -0500;2016-11-02 04:26:00 -0500;HKCategoryValueSleepAnalysisInBed
HKCategoryTypeIdentifierSleepAnalysis;Clock;50;<<HKDevice: 0x174c87c60>, name:iPhone, manufacturer:Apple, model:iPhone, hardware:iPhone8,4, software:10.0.2>;2016-11-02 06:30:49 -0500;2016-11-02 04:27:12 -0500;2016-11-02 04:32:52 -0500;HKCategoryValueSleepAnalysisInBed
HKCategoryTypeIdentifierSleepAnalysis;Clock;50;<<HKDevice: 0x174c87e40>, name:iPhone, manufacturer:Apple, model:iPhone, hardware:iPhone8,4, software:10.0.2>;2016-11-02 06:30:49 -0500;2016-11-02 04:33:24 -0500;2016-11-02 06:30:40 -0500;HKCategoryValueSleepAnalysisInBed
HKCategoryTypeIdentifierSleepAnalysis;Clock;50;<<HKDevice: 0x174c87fd0>, name:iPhone, manufacturer:Apple, model:iPhone, hardware:iPhone8,4, software:10.0.2>;2016-11-03 06:30:11 -0500;2016-11-03 06:22:48 -0500;2016-11-03 06:30:06 -0500;HKCategoryValueSleepAnalysisInBed
HKCategoryTypeIdentifierSleepAnalysis;Clock;50;<<HKDevice: 0x174c87e90>, name:iPhone, manufacturer:Apple, model:iPhone, hardware:iPhone8,4, software:10.0.2>;2016-11-04 06:36:57 -0500;2016-11-04 05:04:08 -0500;2016-11-04 06:36:48 -0500;HKCategoryValueSleepAnalysisInBed
HKCategoryTypeIdentifierSleepAnalysis;Clock;50;<<HKDevice: 0x174c87ee0>, name:iPhone, manufacturer:Apple, model:iPhone, hardware:iPhone8,4, software:10.0.2>;2016-11-07 08:00:29 -0500;2016-11-07 00:24:40 -0500;2016-11-07 08:00:20 -0500;HKCategoryValueSleepAnalysisInBed
HKCategoryTypeIdentifierSleepAnalysis;Clock;50;<<HKDevice: 0x174c87df0>, name:iPhone, manufacturer:Apple, model:iPhone, hardware:iPhone8,4, software:10.1.1>;2016-11-29 08:30:20 -0500;2016-11-29 02:00:00 -0500;2016-11-29 08:30:20 -0500;HKCategoryValueSleepAnalysisInBed
HKCategoryTypeIdentifierSleepAnalysis;Clock;50;<<HKDevice: 0x174c87a80>, name:iPhone, manufacturer:Apple, model:iPhone, hardware:iPhone8,4, software:10.1.1>;2016-11-30 08:30:35 -0500;2016-11-30 02:00:00 -0500;2016-11-30 08:30:32 -0500;HKCategoryValueSleepAnalysisInBed
HKCategoryTypeIdentifierSleepAnalysis;Clock;50;<<HKDevice: 0x174c87da0>, name:iPhone, manufacturer:Apple, model:iPhone, hardware:iPhone8,4, software:10.1.1>;2016-12-01 08:30:24 -0500;2016-12-01 02:18:00 -0500;2016-12-01 08:30:16 -0500;HKCategoryValueSleepAnalysisInBed
HKCategoryTypeIdentifierSleepAnalysis;Clock;50;<<HKDevice: 0x174c87d50>, name:iPhone, manufacturer:Apple, model:iPhone, hardware:iPhone8,4, software:10.1.1>;2016-12-02 08:30:22 -0500;2016-12-02 02:00:00 -0500;2016-12-02 08:30:20 -0500;HKCategoryValueSleepAnalysisInBed
HKCategoryTypeIdentifierSleepAnalysis;Clock;50;<<HKDevice: 0x174c879e0>, name:iPhone, manufacturer:Apple, model:iPhone, hardware:iPhone8,4, software:10.1.1>;2016-12-05 07:10:18 -0500;2016-12-05 00:00:00 -0500;2016-12-05 07:01:08 -0500;HKCategoryValueSleepAnalysisInBed
HKCategoryTypeIdentifierSleepAnalysis;Clock;50;<<HKDevice: 0x174c87cb0>, name:iPhone, manufacturer:Apple, model:iPhone, hardware:iPhone8,4, software:10.1.1>;2016-12-05 07:10:18 -0500;2016-12-05 07:02:16 -0500;2016-12-05 07:10:18 -0500;HKCategoryValueSleepAnalysisInBed
HKCategoryTypeIdentifierSleepAnalysis;Clock;50;<<HKDevice: 0x174c87940>, name:iPhone, manufacturer:Apple, model:iPhone, hardware:iPhone8,4, software:10.1.1>;2016-12-06 07:01:09 -0500;2016-12-06 04:55:52 -0500;2016-12-06 07:01:03 -0500;HKCategoryValueSleepAnalysisInBed
HKCategoryTypeIdentifierSleepAnalysis;Clock;50;<<HKDevice: 0x174c87c10>, name:iPhone, manufacturer:Apple, model:iPhone, hardware:iPhone8,4, software:10.1.1>;2016-12-07 07:00:22 -0500;2016-12-07 02:40:32 -0500;2016-12-07 07:00:16 -0500;HKCategoryValueSleepAnalysisInBed
HKCategoryTypeIdentifierSleepAnalysis;Clock;50;<<HKDevice: 0x174c878a0>, name:iPhone, manufacturer:Apple, model:iPhone, hardware:iPhone8,4, software:10.1.1>;2016-12-08 07:01:10 -0500;2016-12-08 01:44:56 -0500;2016-12-08 07:01:00 -0500;HKCategoryValueSleepAnalysisInBed
HKCategoryTypeIdentifierSleepAnalysis;Clock;50;<<HKDevice: 0x174c87b70>, name:iPhone, manufacturer:Apple, model:iPhone, hardware:iPhone8,4, software:10.1.1>;2016-12-09 07:00:56 -0500;2016-12-09 00:16:46 -0500;2016-12-09 07:00:48 -0500;HKCategoryValueSleepAnalysisInBed
HKCategoryTypeIdentifierSleepAnalysis;Clock;50;<<HKDevice: 0x174c87800>, name:iPhone, manufacturer:Apple, model:iPhone, hardware:iPhone8,4, software:10.1.1>;2016-12-12 07:00:38 -0500;2016-12-12 01:24:12 -0500;2016-12-12 07:00:32 -0500;HKCategoryValueSleepAnalysisInBed
HKCategoryTypeIdentifierSleepAnalysis;Clock;50;<<HKDevice: 0x174c87ad0>, name:iPhone, manufacturer:Apple, model:iPhone, hardware:iPhone8,4, software:10.1.1>;2016-12-13 08:30:09 -0500;2016-12-13 01:55:00 -0500;2016-12-13 08:10:12 -0500;HKCategoryValueSleepAnalysisInBed
HKCategoryTypeIdentifierSleepAnalysis;Clock;50;<<HKDevice: 0x174c87760>, name:iPhone, manufacturer:Apple, model:iPhone, hardware:iPhone8,4, software:10.1.1>;2016-12-13 08:30:09 -0500;2016-12-13 08:10:48 -0500;2016-12-13 08:17:28 -0500;HKCategoryValueSleepAnalysisInBed
HKCategoryTypeIdentifierSleepAnalysis;Clock;50;<<HKDevice: 0x174c87a30>, name:iPhone, manufacturer:Apple, model:iPhone, hardware:iPhone8,4, software:10.1.1>;2016-12-14 08:37:27 -0500;2016-12-14 01:55:00 -0500;2016-12-14 07:36:24 -0500;HKCategoryValueSleepAnalysisInBed
HKCategoryTypeIdentifierSleepAnalysis;Clock;50;<<HKDevice: 0x174c876c0>, name:iPhone, manufacturer:Apple, model:iPhone, hardware:iPhone8,4, software:10.1.1>;2016-12-14 08:37:27 -0500;2016-12-14 07:39:04 -0500;2016-12-14 07:52:52 -0500;HKCategoryValueSleepAnalysisInBed
HKCategoryTypeIdentifierSleepAnalysis;Clock;50;<<HKDevice: 0x174c87990>, name:iPhone, manufacturer:Apple, model:iPhone, hardware:iPhone8,4, software:10.1.1>;2016-12-14 08:37:27 -0500;2016-12-14 08:01:24 -0500;2016-12-14 08:37:24 -0500;HKCategoryValueSleepAnalysisInBed
HKCategoryTypeIdentifierSleepAnalysis;Clock;50;<<HKDevice: 0x174c87620>, name:iPhone, manufacturer:Apple, model:iPhone, hardware:iPhone8,4, software:10.1.1>;2016-12-15 08:30:17 -0500;2016-12-15 01:55:00 -0500;2016-12-15 08:10:08 -0500;HKCategoryValueSleepAnalysisInBed
HKCategoryTypeIdentifierSleepAnalysis;Clock;50;<<HKDevice: 0x174c878f0>, name:iPhone, manufacturer:Apple, model:iPhone, hardware:iPhone8,4, software:10.1.1>;2016-12-15 08:30:17 -0500;2016-12-15 08:10:40 -0500;2016-12-15 08:30:16 -0500;HKCategoryValueSleepAnalysisInBed
HKCategoryTypeIdentifierSleepAnalysis;Clock;50;<<HKDevice: 0x174c87580>, name:iPhone, manufacturer:Apple, model:iPhone, hardware:iPhone8,4, software:10.1.1>;2016-12-16 08:30:23 -0500;2016-12-16 03:52:16 -0500;2016-12-16 08:10:12 -0500;HKCategoryValueSleepAnalysisInBed
HKCategoryTypeIdentifierSleepAnalysis;Clock;50;<<HKDevice: 0x174c87850>, name:iPhone, manufacturer:Apple, model:iPhone, hardware:iPhone8,4, software:10.1.1>;2016-12-16 08:30:23 -0500;2016-12-16 08:10:48 -0500;2016-12-16 08:30:18 -0500;HKCategoryValueSleepAnalysisInBed
HKCategoryTypeIdentifierSleepAnalysis;Clock;50;<<HKDevice: 0x174c874e0>, name:iPhone, manufacturer:Apple, model:iPhone, hardware:iPhone8,4, software:10.1.1>;2016-12-19 08:30:07 -0500;2016-12-19 01:55:00 -0500;2016-12-19 08:10:12 -0500;HKCategoryValueSleepAnalysisInBed
HKCategoryTypeIdentifierSleepAnalysis;Clock;50;<<HKDevice: 0x174c877b0>, name:iPhone, manufacturer:Apple, model:iPhone, hardware:iPhone8,4, software:10.1.1>;2016-12-19 08:30:07 -0500;2016-12-19 08:10:44 -0500;2016-12-19 08:23:12 -0500;HKCategoryValueSleepAnalysisInBed
HKCategoryTypeIdentifierSleepAnalysis;Clock;50;<<HKDevice: 0x174c87440>, name:iPhone, manufacturer:Apple, model:iPhone, hardware:iPhone8,4, software:10.1.1>;2016-12-19 08:30:07 -0500;2016-12-19 08:23:32 -0500;2016-12-19 08:23:36 -0500;HKCategoryValueSleepAnalysisInBed
HKCategoryTypeIdentifierSleepAnalysis;Clock;50;<<HKDevice: 0x174c87710>, name:iPhone, manufacturer:Apple, model:iPhone, hardware:iPhone8,4, software:10.1.1>;2016-12-19 08:30:07 -0500;2016-12-19 08:24:12 -0500;2016-12-19 08:30:06 -0500;HKCategoryValueSleepAnalysisInBed
HKCategoryTypeIdentifierSleepAnalysis;Clock;50;<<HKDevice: 0x174c873a0>, name:iPhone, manufacturer:Apple, model:iPhone, hardware:iPhone8,4, software:10.1.1>;2016-12-20 08:30:18 -0500;2016-12-20 01:55:00 -0500;2016-12-20 08:10:08 -0500;HKCategoryValueSleepAnalysisInBed
HKCategoryTypeIdentifierSleepAnalysis;Clock;50;<<HKDevice: 0x174c87670>, name:iPhone, manufacturer:Apple, model:iPhone, hardware:iPhone8,4, software:10.1.1>;2016-12-20 08:30:18 -0500;2016-12-20 08:10:40 -0500;2016-12-20 08:30:16 -0500;HKCategoryValueSleepAnalysisInBed
HKCategoryTypeIdentifierSleepAnalysis;Clock;50;<<HKDevice: 0x174c87300>, name:iPhone, manufacturer:Apple, model:iPhone, hardware:iPhone8,4, software:10.1.1>;2016-12-21 08:30:10 -0500;2016-12-21 01:55:00 -0500;2016-12-21 08:10:20 -0500;HKCategoryValueSleepAnalysisInBed
HKCategoryTypeIdentifierSleepAnalysis;Clock;50;<<HKDevice: 0x174c875d0>, name:iPhone, manufacturer:Apple, model:iPhone, hardware:iPhone8,4, software:10.1.1>;2016-12-21 08:30:10 -0500;2016-12-21 08:10:52 -0500;2016-12-21 08:30:10 -0500;HKCategoryValueSleepAnalysisInBed
HKCategoryTypeIdentifierSleepAnalysis;Clock;50;<<HKDevice: 0x174c87260>, name:iPhone, manufacturer:Apple, model:iPhone, hardware:iPhone8,4, software:10.1.1>;2016-12-22 08:30:42 -0500;2016-12-22 01:55:00 -0500;2016-12-22 08:10:08 -0500;HKCategoryValueSleepAnalysisInBed
HKCategoryTypeIdentifierSleepAnalysis;Clock;50;<<HKDevice: 0x174c87530>, name:iPhone, manufacturer:Apple, model:iPhone, hardware:iPhone8,4, software:10.1.1>;2016-12-22 08:30:42 -0500;2016-12-22 08:11:16 -0500;2016-12-22 08:30:40 -0500;HKCategoryValueSleepAnalysisInBed
HKCategoryTypeIdentifierSleepAnalysis;Clock;50;<<HKDevice: 0x174c871c0>, name:iPhone, manufacturer:Apple, model:iPhone, hardware:iPhone8,4, software:10.2>;2016-12-23 08:30:29 -0500;2016-12-23 01:55:00 -0500;2016-12-23 08:30:29 -0500;HKCategoryValueSleepAnalysisInBed
HKCategoryTypeIdentifierSleepAnalysis;Clock;50;<<HKDevice: 0x174c87490>, name:iPhone, manufacturer:Apple, model:iPhone, hardware:iPhone8,4, software:10.2>;2016-12-26 08:30:12 -0500;2016-12-26 03:20:08 -0500;2016-12-26 08:26:44 -0500;HKCategoryValueSleepAnalysisInBed
HKCategoryTypeIdentifierSleepAnalysis;Clock;50;<<HKDevice: 0x174c87120>, name:iPhone, manufacturer:Apple, model:iPhone, hardware:iPhone8,4, software:10.2>;2016-12-26 08:30:12 -0500;2016-12-26 08:27:04 -0500;2016-12-26 08:30:11 -0500;HKCategoryValueSleepAnalysisInBed
HKCategoryTypeIdentifierSleepAnalysis;Clock;50;<<HKDevice: 0x174c873f0>, name:iPhone, manufacturer:Apple, model:iPhone, hardware:iPhone8,4, software:10.2>;2016-12-27 08:30:09 -0500;2016-12-27 01:55:00 -0500;2016-12-27 08:10:24 -0500;HKCategoryValueSleepAnalysisInBed
HKCategoryTypeIdentifierSleepAnalysis;Clock;50;<<HKDevice: 0x174c87080>, name:iPhone, manufacturer:Apple, model:iPhone, hardware:iPhone8,4, software:10.2>;2016-12-27 08:30:09 -0500;2016-12-27 08:10:56 -0500;2016-12-27 08:30:09 -0500;HKCategoryValueSleepAnalysisInBed
HKCategoryTypeIdentifierSleepAnalysis;Clock;50;<<HKDevice: 0x174c87350>, name:iPhone, manufacturer:Apple, model:iPhone, hardware:iPhone8,4, software:10.2>;2016-12-28 08:30:08 -0500;2016-12-28 01:55:00 -0500;2016-12-28 08:09:12 -0500;HKCategoryValueSleepAnalysisInBed
HKCategoryTypeIdentifierSleepAnalysis;Clock;50;<<HKDevice: 0x174c86fe0>, name:iPhone, manufacturer:Apple, model:iPhone, hardware:iPhone8,4, software:10.2>;2016-12-28 08:30:08 -0500;2016-12-28 08:09:48 -0500;2016-12-28 08:10:08 -0500;HKCategoryValueSleepAnalysisInBed
HKCategoryTypeIdentifierSleepAnalysis;Clock;50;<<HKDevice: 0x174c872b0>, name:iPhone, manufacturer:Apple, model:iPhone, hardware:iPhone8,4, software:10.2>;2016-12-28 08:30:08 -0500;2016-12-28 08:15:52 -0500;2016-12-28 08:16:08 -0500;HKCategoryValueSleepAnalysisInBed
HKCategoryTypeIdentifierSleepAnalysis;Clock;50;<<HKDevice: 0x174c86f40>, name:iPhone, manufacturer:Apple, model:iPhone, hardware:iPhone8,4, software:10.2>;2016-12-28 08:30:08 -0500;2016-12-28 08:18:56 -0500;2016-12-28 08:30:08 -0500;HKCategoryValueSleepAnalysisInBed
HKCategoryTypeIdentifierSleepAnalysis;Clock;50;<<HKDevice: 0x174c87210>, name:iPhone, manufacturer:Apple, model:iPhone, hardware:iPhone8,4, software:10.2>;2016-12-30 08:30:10 -0500;2016-12-30 01:55:00 -0500;2016-12-30 08:10:40 -0500;HKCategoryValueSleepAnalysisInBed
HKCategoryTypeIdentifierSleepAnalysis;Clock;50;<<HKDevice: 0x174c86ea0>, name:iPhone, manufacturer:Apple, model:iPhone, hardware:iPhone8,4, software:10.2>;2016-12-30 08:30:10 -0500;2016-12-30 08:10:52 -0500;2016-12-30 08:30:10 -0500;HKCategoryValueSleepAnalysisInBed
HKCategoryTypeIdentifierSleepAnalysis;Clock;50;<<HKDevice: 0x174c87170>, name:iPhone, manufacturer:Apple, model:iPhone, hardware:iPhone8,4, software:10.2>;2017-01-02 08:40:17 -0500;2017-01-02 01:55:00 -0500;2017-01-02 08:40:17 -0500;HKCategoryValueSleepAnalysisInBed
HKCategoryTypeIdentifierSleepAnalysis;Clock;50;<<HKDevice: 0x174c86e00>, name:iPhone, manufacturer:Apple, model:iPhone, hardware:iPhone8,4, software:10.2>;2017-01-03 08:30:15 -0500;2017-01-03 01:55:00 -0500;2017-01-03 08:30:12 -0500;HKCategoryValueSleepAnalysisInBed
HKCategoryTypeIdentifierSleepAnalysis;Clock;50;<<HKDevice: 0x174c870d0>, name:iPhone, manufacturer:Apple, model:iPhone, hardware:iPhone8,4, software:10.2>;2017-01-04 08:30:56 -0500;2017-01-04 01:55:00 -0500;2017-01-04 08:30:56 -0500;HKCategoryValueSleepAnalysisInBed
HKCategoryTypeIdentifierSleepAnalysis;Clock;50;<<HKDevice: 0x174c86d60>, name:iPhone, manufacturer:Apple, model:iPhone, hardware:iPhone8,4, software:10.2>;2017-01-05 08:30:04 -0500;2017-01-05 01:55:00 -0500;2017-01-05 07:21:24 -0500;HKCategoryValueSleepAnalysisInBed
HKCategoryTypeIdentifierSleepAnalysis;Clock;50;<<HKDevice: 0x174c87030>, name:iPhone, manufacturer:Apple, model:iPhone, hardware:iPhone8,4, software:10.2>;2017-01-05 08:30:04 -0500;2017-01-05 07:22:04 -0500;2017-01-05 07:38:24 -0500;HKCategoryValueSleepAnalysisInBed
HKCategoryTypeIdentifierSleepAnalysis;Clock;50;<<HKDevice: 0x174c86cc0>, name:iPhone, manufacturer:Apple, model:iPhone, hardware:iPhone8,4, software:10.2>;2017-01-05 08:30:04 -0500;2017-01-05 07:40:04 -0500;2017-01-05 07:48:44 -0500;HKCategoryValueSleepAnalysisInBed
HKCategoryTypeIdentifierSleepAnalysis;Clock;50;<<HKDevice: 0x174c86f90>, name:iPhone, manufacturer:Apple, model:iPhone, hardware:iPhone8,4, software:10.2>;2017-01-05 08:30:04 -0500;2017-01-05 07:48:44 -0500;2017-01-05 07:57:20 -0500;HKCategoryValueSleepAnalysisInBed
HKCategoryTypeIdentifierSleepAnalysis;Clock;50;<<HKDevice: 0x174c86c20>, name:iPhone, manufacturer:Apple, model:iPhone, hardware:iPhone8,4, software:10.2>;2017-01-05 08:30:04 -0500;2017-01-05 07:57:24 -0500;2017-01-05 08:01:16 -0500;HKCategoryValueSleepAnalysisInBed
HKCategoryTypeIdentifierSleepAnalysis;Clock;50;<<HKDevice: 0x174c86ef0>, name:iPhone, manufacturer:Apple, model:iPhone, hardware:iPhone8,4, software:10.2>;2017-01-05 08:30:04 -0500;2017-01-05 08:01:48 -0500;2017-01-05 08:13:08 -0500;HKCategoryValueSleepAnalysisInBed
HKCategoryTypeIdentifierSleepAnalysis;Clock;50;<<HKDevice: 0x174c86b80>, name:iPhone, manufacturer:Apple, model:iPhone, hardware:iPhone8,4, software:10.2>;2017-01-05 08:30:04 -0500;2017-01-05 08:14:00 -0500;2017-01-05 08:18:00 -0500;HKCategoryValueSleepAnalysisInBed
HKCategoryTypeIdentifierSleepAnalysis;Clock;50;<<HKDevice: 0x174c86e50>, name:iPhone, manufacturer:Apple, model:iPhone, hardware:iPhone8,4, software:10.2>;2017-01-05 08:30:04 -0500;2017-01-05 08:18:32 -0500;2017-01-05 08:21:00 -0500;HKCategoryValueSleepAnalysisInBed
HKCategoryTypeIdentifierSleepAnalysis;Clock;50;<<HKDevice: 0x174c86ae0>, name:iPhone, manufacturer:Apple, model:iPhone, hardware:iPhone8,4, software:10.2>;2017-01-05 08:30:04 -0500;2017-01-05 08:22:28 -0500;2017-01-05 08:30:04 -0500;HKCategoryValueSleepAnalysisInBed
HKCategoryTypeIdentifierSleepAnalysis;Clock;50;<<HKDevice: 0x174c86db0>, name:iPhone, manufacturer:Apple, model:iPhone, hardware:iPhone8,4, software:10.2>;2017-01-06 08:30:17 -0500;2017-01-06 02:07:56 -0500;2017-01-06 08:30:12 -0500;HKCategoryValueSleepAnalysisInBed
HKCategoryTypeIdentifierSleepAnalysis;Clock;50;<<HKDevice: 0x174c86a40>, name:iPhone, manufacturer:Apple, model:iPhone, hardware:iPhone8,4, software:10.2>;2017-01-09 08:39:41 -0500;2017-01-09 01:55:00 -0500;2017-01-09 08:31:04 -0500;HKCategoryValueSleepAnalysisInBed
HKCategoryTypeIdentifierSleepAnalysis;Clock;50;<<HKDevice: 0x174c86d10>, name:iPhone, manufacturer:Apple, model:iPhone, hardware:iPhone8,4, software:10.2>;2017-01-09 08:39:41 -0500;2017-01-09 08:32:04 -0500;2017-01-09 08:35:12 -0500;HKCategoryValueSleepAnalysisInBed
HKCategoryTypeIdentifierSleepAnalysis;Clock;50;<<HKDevice: 0x174c869a0>, name:iPhone, manufacturer:Apple, model:iPhone, hardware:iPhone8,4, software:10.2>;2017-01-09 08:39:41 -0500;2017-01-09 08:38:12 -0500;2017-01-09 08:39:40 -0500;HKCategoryValueSleepAnalysisInBed
HKCategoryTypeIdentifierSleepAnalysis;Clock;50;<<HKDevice: 0x174c86c70>, name:iPhone, manufacturer:Apple, model:iPhone, hardware:iPhone8,4, software:10.2>;2017-01-10 08:30:44 -0500;2017-01-10 01:55:00 -0500;2017-01-10 08:30:44 -0500;HKCategoryValueSleepAnalysisInBed
HKCategoryTypeIdentifierSleepAnalysis;Clock;50;<<HKDevice: 0x174c86900>, name:iPhone, manufacturer:Apple, model:iPhone, hardware:iPhone8,4, software:10.2>;2017-01-11 08:32:54 -0500;2017-01-11 01:55:00 -0500;2017-01-11 08:32:52 -0500;HKCategoryValueSleepAnalysisInBed
HKCategoryTypeIdentifierSleepAnalysis;Clock;50;<<HKDevice: 0x174c86bd0>, name:iPhone, manufacturer:Apple, model:iPhone, hardware:iPhone8,4, software:10.2>;2017-01-12 09:09:55 -0500;2017-01-12 01:55:00 -0500;2017-01-12 09:08:36 -0500;HKCategoryValueSleepAnalysisInBed
HKCategoryTypeIdentifierSleepAnalysis;Clock;50;<<HKDevice: 0x174c86860>, name:iPhone, manufacturer:Apple, model:iPhone, hardware:iPhone8,4, software:10.2>;2017-01-12 09:09:55 -0500;2017-01-12 09:09:28 -0500;2017-01-12 09:09:54 -0500;HKCategoryValueSleepAnalysisInBed
HKCategoryTypeIdentifierSleepAnalysis;Clock;50;<<HKDevice: 0x174c86b30>, name:iPhone, manufacturer:Apple, model:iPhone, hardware:iPhone8,4, software:10.2>;2017-01-13 08:31:16 -0500;2017-01-13 01:55:00 -0500;2017-01-13 05:20:16 -0500;HKCategoryValueSleepAnalysisInBed
HKCategoryTypeIdentifierSleepAnalysis;Clock;50;<<HKDevice: 0x174c867c0>, name:iPhone, manufacturer:Apple, model:iPhone, hardware:iPhone8,4, software:10.2>;2017-01-13 08:31:16 -0500;2017-01-13 05:20:36 -0500;2017-01-13 08:31:16 -0500;HKCategoryValueSleepAnalysisInBed
HKCategoryTypeIdentifierSleepAnalysis;Clock;50;<<HKDevice: 0x174c86a90>, name:iPhone, manufacturer:Apple, model:iPhone, hardware:iPhone8,4, software:10.2>;2017-01-16 08:30:14 -0500;2017-01-16 01:55:00 -0500;2017-01-16 08:26:28 -0500;HKCategoryValueSleepAnalysisInBed
HKCategoryTypeIdentifierSleepAnalysis;Clock;50;<<HKDevice: 0x174c86720>, name:iPhone, manufacturer:Apple, model:iPhone, hardware:iPhone8,4, software:10.2>;2017-01-16 08:30:14 -0500;2017-01-16 08:26:36 -0500;2017-01-16 08:30:12 -0500;HKCategoryValueSleepAnalysisInBed
HKCategoryTypeIdentifierSleepAnalysis;Clock;50;<<HKDevice: 0x174c869f0>, name:iPhone, manufacturer:Apple, model:iPhone, hardware:iPhone8,4, software:10.2>;2017-01-17 08:30:08 -0500;2017-01-17 01:55:00 -0500;2017-01-17 05:05:36 -0500;HKCategoryValueSleepAnalysisInBed
HKCategoryTypeIdentifierSleepAnalysis;Clock;50;<<HKDevice: 0x174c86680>, name:iPhone, manufacturer:Apple, model:iPhone, hardware:iPhone8,4, software:10.2>;2017-01-17 08:30:08 -0500;2017-01-17 05:05:40 -0500;2017-01-17 07:13:32 -0500;HKCategoryValueSleepAnalysisInBed
HKCategoryTypeIdentifierSleepAnalysis;Clock;50;<<HKDevice: 0x174c86950>, name:iPhone, manufacturer:Apple, model:iPhone, hardware:iPhone8,4, software:10.2>;2017-01-17 08:30:08 -0500;2017-01-17 07:14:04 -0500;2017-01-17 07:38:24 -0500;HKCategoryValueSleepAnalysisInBed
HKCategoryTypeIdentifierSleepAnalysis;Clock;50;<<HKDevice: 0x174c865e0>, name:iPhone, manufacturer:Apple, model:iPhone, hardware:iPhone8,4, software:10.2>;2017-01-17 08:30:08 -0500;2017-01-17 07:38:56 -0500;2017-01-17 08:30:08 -0500;HKCategoryValueSleepAnalysisInBed
HKCategoryTypeIdentifierSleepAnalysis;Clock;50;<<HKDevice: 0x174c868b0>, name:iPhone, manufacturer:Apple, model:iPhone, hardware:iPhone8,4, software:10.2>;2017-01-18 08:30:17 -0500;2017-01-18 01:55:00 -0500;2017-01-18 06:11:36 -0500;HKCategoryValueSleepAnalysisInBed
HKCategoryTypeIdentifierSleepAnalysis;Clock;50;<<HKDevice: 0x174c86540>, name:iPhone, manufacturer:Apple, model:iPhone, hardware:iPhone8,4, software:10.2>;2017-01-18 08:30:17 -0500;2017-01-18 06:11:52 -0500;2017-01-18 08:30:17 -0500;HKCategoryValueSleepAnalysisInBed
HKCategoryTypeIdentifierSleepAnalysis;Clock;50;<<HKDevice: 0x174c86810>, name:iPhone, manufacturer:Apple, model:iPhone, hardware:iPhone8,4, software:10.2>;2017-01-19 08:42:19 -0500;2017-01-19 06:00:12 -0500;2017-01-19 06:59:20 -0500;HKCategoryValueSleepAnalysisInBed
HKCategoryTypeIdentifierSleepAnalysis;Clock;50;<<HKDevice: 0x174c864a0>, name:iPhone, manufacturer:Apple, model:iPhone, hardware:iPhone8,4, software:10.2>;2017-01-19 08:42:19 -0500;2017-01-19 07:00:28 -0500;2017-01-19 07:13:48 -0500;HKCategoryValueSleepAnalysisInBed
HKCategoryTypeIdentifierSleepAnalysis;Clock;50;<<HKDevice: 0x174c86770>, name:iPhone, manufacturer:Apple, model:iPhone, hardware:iPhone8,4, software:10.2>;2017-01-19 08:42:19 -0500;2017-01-19 07:16:08 -0500;2017-01-19 07:40:48 -0500;HKCategoryValueSleepAnalysisInBed
HKCategoryTypeIdentifierSleepAnalysis;Clock;50;<<HKDevice: 0x174c86400>, name:iPhone, manufacturer:Apple, model:iPhone, hardware:iPhone8,4, software:10.2>;2017-01-19 08:42:19 -0500;2017-01-19 07:41:20 -0500;2017-01-19 07:45:12 -0500;HKCategoryValueSleepAnalysisInBed
HKCategoryTypeIdentifierSleepAnalysis;Clock;50;<<HKDevice: 0x174c866d0>, name:iPhone, manufacturer:Apple, model:iPhone, hardware:iPhone8,4, software:10.2>;2017-01-19 08:42:19 -0500;2017-01-19 07:45:32 -0500;2017-01-19 08:10:44 -0500;HKCategoryValueSleepAnalysisInBed
HKCategoryTypeIdentifierSleepAnalysis;Clock;50;<<HKDevice: 0x174c86360>, name:iPhone, manufacturer:Apple, model:iPhone, hardware:iPhone8,4, software:10.2>;2017-01-19 08:42:19 -0500;2017-01-19 08:13:00 -0500;2017-01-19 08:14:56 -0500;HKCategoryValueSleepAnalysisInBed
HKCategoryTypeIdentifierSleepAnalysis;Clock;50;<<HKDevice: 0x174c86630>, name:iPhone, manufacturer:Apple, model:iPhone, hardware:iPhone8,4, software:10.2>;2017-01-19 08:42:19 -0500;2017-01-19 08:15:40 -0500;2017-01-19 08:15:44 -0500;HKCategoryValueSleepAnalysisInBed
HKCategoryTypeIdentifierSleepAnalysis;Clock;50;<<HKDevice: 0x174c862c0>, name:iPhone, manufacturer:Apple, model:iPhone, hardware:iPhone8,4, software:10.2>;2017-01-19 08:42:19 -0500;2017-01-19 08:16:20 -0500;2017-01-19 08:16:36 -0500;HKCategoryValueSleepAnalysisInBed
HKCategoryTypeIdentifierSleepAnalysis;Clock;50;<<HKDevice: 0x174c86590>, name:iPhone, manufacturer:Apple, model:iPhone, hardware:iPhone8,4, software:10.2>;2017-01-19 08:42:19 -0500;2017-01-19 08:18:12 -0500;2017-01-19 08:20:40 -0500;HKCategoryValueSleepAnalysisInBed
HKCategoryTypeIdentifierSleepAnalysis;Clock;50;<<HKDevice: 0x174c86220>, name:iPhone, manufacturer:Apple, model:iPhone, hardware:iPhone8,4, software:10.2>;2017-01-19 08:42:19 -0500;2017-01-19 08:21:40 -0500;2017-01-19 08:21:44 -0500;HKCategoryValueSleepAnalysisInBed
HKCategoryTypeIdentifierSleepAnalysis;Clock;50;<<HKDevice: 0x174c864f0>, name:iPhone, manufacturer:Apple, model:iPhone, hardware:iPhone8,4, software:10.2>;2017-01-19 08:42:19 -0500;2017-01-19 08:22:28 -0500;2017-01-19 08:42:12 -0500;HKCategoryValueSleepAnalysisInBed
HKCategoryTypeIdentifierSleepAnalysis;Clock;50;<<HKDevice: 0x174c86180>, name:iPhone, manufacturer:Apple, model:iPhone, hardware:iPhone8,4, software:10.2>;2017-01-20 08:30:16 -0500;2017-01-20 01:55:00 -0500;2017-01-20 08:30:16 -0500;HKCategoryValueSleepAnalysisInBed
HKCategoryTypeIdentifierSleepAnalysis;Clock;50;<<HKDevice: 0x174c86450>, name:iPhone, manufacturer:Apple, model:iPhone, hardware:iPhone8,4, software:10.2>;2017-01-23 08:30:24 -0500;2017-01-23 01:55:00 -0500;2017-01-23 08:30:20 -0500;HKCategoryValueSleepAnalysisInBed
HKCategoryTypeIdentifierSleepAnalysis;Clock;50;<<HKDevice: 0x174c860e0>, name:iPhone, manufacturer:Apple, model:iPhone, hardware:iPhone8,4, software:10.2>;2017-01-24 08:00:14 -0500;2017-01-24 01:25:00 -0500;2017-01-24 08:00:14 -0500;HKCategoryValueSleepAnalysisInBed
HKCategoryTypeIdentifierSleepAnalysis;Clock;50;<<HKDevice: 0x174c863b0>, name:iPhone, manufacturer:Apple, model:iPhone, hardware:iPhone8,4, software:10.2>;2017-01-25 08:00:14 -0500;2017-01-25 01:25:00 -0500;2017-01-25 08:00:12 -0500;HKCategoryValueSleepAnalysisInBed
HKCategoryTypeIdentifierSleepAnalysis;Clock;50;<<HKDevice: 0x174c86040>, name:iPhone, manufacturer:Apple, model:iPhone, hardware:iPhone8,4, software:10.2>;2017-01-26 07:30:17 -0500;2017-01-26 07:14:28 -0500;2017-01-26 07:30:08 -0500;HKCategoryValueSleepAnalysisInBed
HKCategoryTypeIdentifierSleepAnalysis;Clock;50;<<HKDevice: 0x174c86310>, name:iPhone, manufacturer:Apple, model:iPhone, hardware:iPhone8,4, software:10.2>;2017-01-27 07:00:44 -0500;2017-01-26 23:30:00 -0500;2017-01-27 07:00:44 -0500;HKCategoryValueSleepAnalysisInBed
HKCategoryTypeIdentifierSleepAnalysis;Clock;50;<<HKDevice: 0x174c85fa0>, name:iPhone, manufacturer:Apple, model:iPhone, hardware:iPhone8,4, software:10.2>;2017-01-30 07:10:05 -0500;2017-01-30 01:06:04 -0500;2017-01-30 07:10:00 -0500;HKCategoryValueSleepAnalysisInBed
HKCategoryTypeIdentifierSleepAnalysis;Clock;50;<<HKDevice: 0x174c86270>, name:iPhone, manufacturer:Apple, model:iPhone, hardware:iPhone8,4, software:10.2>;2017-02-01 07:00:37 -0500;2017-02-01 00:22:20 -0500;2017-02-01 07:00:32 -0500;HKCategoryValueSleepAnalysisInBed
HKCategoryTypeIdentifierSleepAnalysis;Clock;50;<<HKDevice: 0x174c85f00>, name:iPhone, manufacturer:Apple, model:iPhone, hardware:iPhone8,4, software:10.2>;2017-02-02 07:00:58 -0500;2017-02-02 01:44:52 -0500;2017-02-02 07:00:48 -0500;HKCategoryValueSleepAnalysisInBed
HKCategoryTypeIdentifierSleepAnalysis;Clock;50;<<HKDevice: 0x174c861d0>, name:iPhone, manufacturer:Apple, model:iPhone, hardware:iPhone8,4, software:10.2>;2017-02-03 07:00:42 -0500;2017-02-03 04:49:46 -0500;2017-02-03 07:00:37 -0500;HKCategoryValueSleepAnalysisInBed
HKCategoryTypeIdentifierSleepAnalysis;Clock;50;<<HKDevice: 0x174c85e60>, name:iPhone, manufacturer:Apple, model:iPhone, hardware:iPhone8,4, software:10.2>;2017-02-06 07:00:54 -0500;2017-02-06 00:32:44 -0500;2017-02-06 07:00:48 -0500;HKCategoryValueSleepAnalysisInBed
HKCategoryTypeIdentifierSleepAnalysis;Clock;50;<<HKDevice: 0x174c86130>, name:iPhone, manufacturer:Apple, model:iPhone, hardware:iPhone8,4, software:10.2>;2017-02-07 07:00:37 -0500;2017-02-07 04:08:12 -0500;2017-02-07 07:00:32 -0500;HKCategoryValueSleepAnalysisInBed
HKCategoryTypeIdentifierSleepAnalysis;Clock;50;<<HKDevice: 0x174c85dc0>, name:iPhone, manufacturer:Apple, model:iPhone, hardware:iPhone8,4, software:10.2.1>;2017-02-08 07:00:27 -0500;2017-02-08 01:08:31 -0500;2017-02-08 07:00:20 -0500;HKCategoryValueSleepAnalysisInBed
HKCategoryTypeIdentifierSleepAnalysis;Clock;50;<<HKDevice: 0x174c86090>, name:iPhone, manufacturer:Apple, model:iPhone, hardware:iPhone8,4, software:10.2.1>;2017-02-09 07:30:43 -0500;2017-02-09 01:00:00 -0500;2017-02-09 07:30:40 -0500;HKCategoryValueSleepAnalysisInBed
HKCategoryTypeIdentifierSleepAnalysis;Clock;50;<<HKDevice: 0x174c85d20>, name:iPhone, manufacturer:Apple, model:iPhone, hardware:iPhone8,4, software:10.2.1>;2017-02-10 07:39:25 -0500;2017-02-10 01:00:00 -0500;2017-02-10 07:39:24 -0500;HKCategoryValueSleepAnalysisInBed
HKCategoryTypeIdentifierSleepAnalysis;Clock;50;<<HKDevice: 0x174c85ff0>, name:iPhone, manufacturer:Apple, model:iPhone, hardware:iPhone8,4, software:10.2.1>;2017-02-13 08:34:15 -0500;2017-02-13 02:15:16 -0500;2017-02-13 08:34:12 -0500;HKCategoryValueSleepAnalysisInBed
HKCategoryTypeIdentifierSleepAnalysis;Clock;50;<<HKDevice: 0x174c85c80>, name:iPhone, manufacturer:Apple, model:iPhone, hardware:iPhone8,4, software:10.2.1>;2017-02-14 07:30:12 -0500;2017-02-14 01:00:00 -0500;2017-02-14 06:27:52 -0500;HKCategoryValueSleepAnalysisInBed
HKCategoryTypeIdentifierSleepAnalysis;Clock;50;<<HKDevice: 0x174c85f50>, name:iPhone, manufacturer:Apple, model:iPhone, hardware:iPhone8,4, software:10.2.1>;2017-02-14 07:30:12 -0500;2017-02-14 06:28:48 -0500;2017-02-14 07:30:08 -0500;HKCategoryValueSleepAnalysisInBed
HKCategoryTypeIdentifierSleepAnalysis;Clock;50;<<HKDevice: 0x174c85be0>, name:iPhone, manufacturer:Apple, model:iPhone, hardware:iPhone8,4, software:10.2.1>;2017-02-15 07:32:22 -0500;2017-02-15 01:00:00 -0500;2017-02-15 07:32:22 -0500;HKCategoryValueSleepAnalysisInBed
HKCategoryTypeIdentifierSleepAnalysis;Clock;50;<<HKDevice: 0x174c85eb0>, name:iPhone, manufacturer:Apple, model:iPhone, hardware:iPhone8,4, software:10.2.1>;2017-02-16 07:30:15 -0500;2017-02-16 01:00:00 -0500;2017-02-16 07:30:15 -0500;HKCategoryValueSleepAnalysisInBed
HKCategoryTypeIdentifierSleepAnalysis;Clock;50;<<HKDevice: 0x174c85b40>, name:iPhone, manufacturer:Apple, model:iPhone, hardware:iPhone8,4, software:10.2.1>;2017-02-17 07:30:39 -0500;2017-02-17 01:00:00 -0500;2017-02-17 07:30:36 -0500;HKCategoryValueSleepAnalysisInBed
HKCategoryTypeIdentifierSleepAnalysis;Clock;50;<<HKDevice: 0x174c85e10>, name:iPhone, manufacturer:Apple, model:iPhone, hardware:iPhone8,4, software:10.2.1>;2017-02-20 07:30:11 -0500;2017-02-20 01:00:00 -0500;2017-02-20 07:30:08 -0500;HKCategoryValueSleepAnalysisInBed
HKCategoryTypeIdentifierSleepAnalysis;Clock;50;<<HKDevice: 0x174c85aa0>, name:iPhone, manufacturer:Apple, model:iPhone, hardware:iPhone8,4, software:10.2.1>;2017-02-21 07:30:29 -0500;2017-02-21 01:00:00 -0500;2017-02-21 07:30:28 -0500;HKCategoryValueSleepAnalysisInBed
HKCategoryTypeIdentifierSleepAnalysis;Clock;50;<<HKDevice: 0x174c85d70>, name:iPhone, manufacturer:Apple, model:iPhone, hardware:iPhone8,4, software:10.2.1>;2017-02-22 07:30:15 -0500;2017-02-22 01:57:20 -0500;2017-02-22 07:10:44 -0500;HKCategoryValueSleepAnalysisInBed
HKCategoryTypeIdentifierSleepAnalysis;Clock;50;<<HKDevice: 0x174c85a00>, name:iPhone, manufacturer:Apple, model:iPhone, hardware:iPhone8,4, software:10.2.1>;2017-02-22 07:30:15 -0500;2017-02-22 07:12:04 -0500;2017-02-22 07:30:08 -0500;HKCategoryValueSleepAnalysisInBed
HKCategoryTypeIdentifierSleepAnalysis;Clock;50;<<HKDevice: 0x174c85cd0>, name:iPhone, manufacturer:Apple, model:iPhone, hardware:iPhone8,4, software:10.2.1>;2017-02-23 07:30:50 -0500;2017-02-23 01:03:48 -0500;2017-02-23 07:30:50 -0500;HKCategoryValueSleepAnalysisInBed
HKCategoryTypeIdentifierSleepAnalysis;Clock;50;<<HKDevice: 0x174c85960>, name:iPhone, manufacturer:Apple, model:iPhone, hardware:iPhone8,4, software:10.2.1>;2017-02-27 07:30:28 -0500;2017-02-27 03:53:36 -0500;2017-02-27 07:30:22 -0500;HKCategoryValueSleepAnalysisInBed
HKCategoryTypeIdentifierSleepAnalysis;Clock;50;<<HKDevice: 0x174c85c30>, name:iPhone, manufacturer:Apple, model:iPhone, hardware:iPhone8,4, software:10.2.1>;2017-02-28 07:31:48 -0500;2017-02-28 01:00:00 -0500;2017-02-28 07:31:48 -0500;HKCategoryValueSleepAnalysisInBed
HKCategoryTypeIdentifierSleepAnalysis;Clock;50;<<HKDevice: 0x174c858c0>, name:iPhone, manufacturer:Apple, model:iPhone, hardware:iPhone8,4, software:10.2.1>;2017-03-02 07:33:20 -0500;2017-03-02 01:40:32 -0500;2017-03-02 07:33:19 -0500;HKCategoryValueSleepAnalysisInBed
HKCategoryTypeIdentifierSleepAnalysis;Clock;50;<<HKDevice: 0x174c85b90>, name:iPhone, manufacturer:Apple, model:iPhone, hardware:iPhone8,4, software:10.2.1>;2017-03-03 07:30:18 -0500;2017-03-03 01:00:00 -0500;2017-03-03 07:30:18 -0500;HKCategoryValueSleepAnalysisInBed
HKCategoryTypeIdentifierSleepAnalysis;Clock;50;<<HKDevice: 0x174c85820>, name:iPhone, manufacturer:Apple, model:iPhone, hardware:iPhone8,4, software:10.2.1>;2017-03-06 07:40:33 -0500;2017-03-06 01:19:32 -0500;2017-03-06 07:30:40 -0500;HKCategoryValueSleepAnalysisInBed
HKCategoryTypeIdentifierSleepAnalysis;Clock;50;<<HKDevice: 0x174c85af0>, name:iPhone, manufacturer:Apple, model:iPhone, hardware:iPhone8,4, software:10.2.1>;2017-03-06 07:40:33 -0500;2017-03-06 07:32:00 -0500;2017-03-06 07:40:24 -0500;HKCategoryValueSleepAnalysisInBed
HKCategoryTypeIdentifierSleepAnalysis;Clock;50;<<HKDevice: 0x174c85780>, name:iPhone, manufacturer:Apple, model:iPhone, hardware:iPhone8,4, software:10.2.1>;2017-03-07 08:12:02 -0500;2017-03-07 02:24:52 -0500;2017-03-07 08:12:02 -0500;HKCategoryValueSleepAnalysisInBed
HKCategoryTypeIdentifierSleepAnalysis;Clock;50;<<HKDevice: 0x174c85a50>, name:iPhone, manufacturer:Apple, model:iPhone, hardware:iPhone8,4, software:10.2.1>;2017-03-08 07:30:34 -0500;2017-03-08 01:12:08 -0500;2017-03-08 07:30:32 -0500;HKCategoryValueSleepAnalysisInBed
HKCategoryTypeIdentifierSleepAnalysis;Clock;50;<<HKDevice: 0x174c856e0>, name:iPhone, manufacturer:Apple, model:iPhone, hardware:iPhone8,4, software:10.2.1>;2017-03-09 07:30:44 -0500;2017-03-09 06:10:12 -0500;2017-03-09 07:30:36 -0500;HKCategoryValueSleepAnalysisInBed
HKCategoryTypeIdentifierSleepAnalysis;Clock;50;<<HKDevice: 0x174c859b0>, name:iPhone, manufacturer:Apple, model:iPhone, hardware:iPhone8,4, software:10.2.1>;2017-03-10 07:30:17 -0500;2017-03-10 01:00:00 -0500;2017-03-10 07:30:17 -0500;HKCategoryValueSleepAnalysisInBed
HKCategoryTypeIdentifierSleepAnalysis;Clock;50;<<HKDevice: 0x174c85640>, name:iPhone, manufacturer:Apple, model:iPhone, hardware:iPhone8,4, software:10.2.1>;2017-03-13 06:39:28 -0500;2017-03-13 00:29:48 -0500;2017-03-13 06:39:27 -0500;HKCategoryValueSleepAnalysisInBed
HKCategoryTypeIdentifierSleepAnalysis;Clock;50;<<HKDevice: 0x174c85910>, name:iPhone, manufacturer:Apple, model:iPhone, hardware:iPhone8,4, software:10.2.1>;2017-03-14 06:31:58 -0500;2017-03-14 04:37:36 -0500;2017-03-14 06:31:52 -0500;HKCategoryValueSleepAnalysisInBed
HKCategoryTypeIdentifierSleepAnalysis;Clock;50;<<HKDevice: 0x174c855a0>, name:iPhone, manufacturer:Apple, model:iPhone, hardware:iPhone8,4, software:10.2.1>;2017-03-15 06:30:38 -0500;2017-03-15 05:24:28 -0500;2017-03-15 06:30:28 -0500;HKCategoryValueSleepAnalysisInBed
HKCategoryTypeIdentifierSleepAnalysis;Clock;50;<<HKDevice: 0x174c85870>, name:iPhone, manufacturer:Apple, model:iPhone, hardware:iPhone8,4, software:10.2.1>;2017-03-16 06:30:22 -0500;2017-03-16 00:00:00 -0500;2017-03-16 06:30:22 -0500;HKCategoryValueSleepAnalysisInBed
HKCategoryTypeIdentifierSleepAnalysis;Clock;50;<<HKDevice: 0x174c85500>, name:iPhone, manufacturer:Apple, model:iPhone, hardware:iPhone8,4, software:10.2.1>;2017-03-17 06:31:14 -0500;2017-03-17 04:34:44 -0500;2017-03-17 06:31:08 -0500;HKCategoryValueSleepAnalysisInBed
HKCategoryTypeIdentifierSleepAnalysis;Clock;50;<<HKDevice: 0x174c857d0>, name:iPhone, manufacturer:Apple, model:iPhone, hardware:iPhone8,4, software:10.2.1>;2017-03-20 06:30:46 -0500;2017-03-20 00:00:00 -0500;2017-03-20 06:30:45 -0500;HKCategoryValueSleepAnalysisInBed
HKCategoryTypeIdentifierSleepAnalysis;Clock;50;<<HKDevice: 0x174c85460>, name:iPhone, manufacturer:Apple, model:iPhone, hardware:iPhone8,4, software:10.2.1>;2017-03-21 06:30:20 -0500;2017-03-21 00:30:08 -0500;2017-03-21 06:28:00 -0500;HKCategoryValueSleepAnalysisInBed
HKCategoryTypeIdentifierSleepAnalysis;Clock;50;<<HKDevice: 0x174c85730>, name:iPhone, manufacturer:Apple, model:iPhone, hardware:iPhone8,4, software:10.2.1>;2017-03-21 06:30:20 -0500;2017-03-21 06:28:32 -0500;2017-03-21 06:30:12 -0500;HKCategoryValueSleepAnalysisInBed
HKCategoryTypeIdentifierSleepAnalysis;Clock;50;<<HKDevice: 0x174c853c0>, name:iPhone, manufacturer:Apple, model:iPhone, hardware:iPhone8,4, software:10.2.1>;2017-03-22 06:31:01 -0500;2017-03-22 00:00:00 -0500;2017-03-22 05:17:04 -0500;HKCategoryValueSleepAnalysisInBed
HKCategoryTypeIdentifierSleepAnalysis;Clock;50;<<HKDevice: 0x174c85690>, name:iPhone, manufacturer:Apple, model:iPhone, hardware:iPhone8,4, software:10.2.1>;2017-03-22 06:31:01 -0500;2017-03-22 05:17:36 -0500;2017-03-22 06:31:00 -0500;HKCategoryValueSleepAnalysisInBed
HKCategoryTypeIdentifierSleepAnalysis;Clock;50;<<HKDevice: 0x174c85320>, name:iPhone, manufacturer:Apple, model:iPhone, hardware:iPhone8,4, software:10.2.1>;2017-03-23 06:30:16 -0500;2017-03-23 01:12:12 -0500;2017-03-23 01:26:16 -0500;HKCategoryValueSleepAnalysisInBed
HKCategoryTypeIdentifierSleepAnalysis;Clock;50;<<HKDevice: 0x174c855f0>, name:iPhone, manufacturer:Apple, model:iPhone, hardware:iPhone8,4, software:10.2.1>;2017-03-23 06:30:16 -0500;2017-03-23 01:32:56 -0500;2017-03-23 02:26:36 -0500;HKCategoryValueSleepAnalysisInBed
HKCategoryTypeIdentifierSleepAnalysis;Clock;50;<<HKDevice: 0x174c85280>, name:iPhone, manufacturer:Apple, model:iPhone, hardware:iPhone8,4, software:10.2.1>;2017-03-23 06:30:16 -0500;2017-03-23 02:28:08 -0500;2017-03-23 02:39:32 -0500;HKCategoryValueSleepAnalysisInBed
HKCategoryTypeIdentifierSleepAnalysis;Clock;50;<<HKDevice: 0x174c85550>, name:iPhone, manufacturer:Apple, model:iPhone, hardware:iPhone8,4, software:10.2.1>;2017-03-23 06:30:16 -0500;2017-03-23 02:40:28 -0500;2017-03-23 06:30:12 -0500;HKCategoryValueSleepAnalysisInBed
HKCategoryTypeIdentifierSleepAnalysis;Clock;50;<<HKDevice: 0x174c851e0>, name:iPhone, manufacturer:Apple, model:iPhone, hardware:iPhone8,4, software:10.2.1>;2017-03-24 06:30:33 -0500;2017-03-24 00:00:00 -0500;2017-03-24 06:30:33 -0500;HKCategoryValueSleepAnalysisInBed
HKCategoryTypeIdentifierSleepAnalysis;Clock;50;<<HKDevice: 0x174c854b0>, name:iPhone, manufacturer:Apple, model:iPhone, hardware:iPhone8,4, software:10.2.1>;2017-03-27 06:30:14 -0500;2017-03-27 00:00:00 -0500;2017-03-27 06:30:14 -0500;HKCategoryValueSleepAnalysisInBed
HKCategoryTypeIdentifierSleepAnalysis;Clock;50;<<HKDevice: 0x174c85140>, name:iPhone, manufacturer:Apple, model:iPhone, hardware:iPhone8,4, software:10.2.1>;2017-03-28 06:33:25 -0500;2017-03-28 00:00:00 -0500;2017-03-28 06:33:20 -0500;HKCategoryValueSleepAnalysisInBed
HKCategoryTypeIdentifierSleepAnalysis;Clock;50;<<HKDevice: 0x174c85410>, name:iPhone, manufacturer:Apple, model:iPhone, hardware:iPhone8,4, software:10.2.1>;2017-03-29 06:30:17 -0500;2017-03-29 00:00:00 -0500;2017-03-29 05:29:16 -0500;HKCategoryValueSleepAnalysisInBed
HKCategoryTypeIdentifierSleepAnalysis;Clock;50;<<HKDevice: 0x174c850a0>, name:iPhone, manufacturer:Apple, model:iPhone, hardware:iPhone8,4, software:10.2.1>;2017-03-29 06:30:17 -0500;2017-03-29 05:30:36 -0500;2017-03-29 06:30:16 -0500;HKCategoryValueSleepAnalysisInBed
HKCategoryTypeIdentifierSleepAnalysis;Clock;50;<<HKDevice: 0x174c85370>, name:iPhone, manufacturer:Apple, model:iPhone, hardware:iPhone8,4, software:10.2.1>;2017-03-31 06:30:32 -0500;2017-03-31 00:00:00 -0500;2017-03-31 05:25:12 -0500;HKCategoryValueSleepAnalysisInBed
HKCategoryTypeIdentifierSleepAnalysis;Clock;50;<<HKDevice: 0x174c85000>, name:iPhone, manufacturer:Apple, model:iPhone, hardware:iPhone8,4, software:10.2.1>;2017-03-31 06:30:32 -0500;2017-03-31 05:25:44 -0500;2017-03-31 06:30:32 -0500;HKCategoryValueSleepAnalysisInBed
HKCategoryTypeIdentifierSleepAnalysis;Clock;50;<<HKDevice: 0x174c852d0>, name:iPhone, manufacturer:Apple, model:iPhone, hardware:iPhone8,4, software:10.2.1>;2017-04-03 06:32:07 -0500;2017-04-03 00:39:24 -0500;2017-04-03 06:32:01 -0500;HKCategoryValueSleepAnalysisInBed
HKCategoryTypeIdentifierSleepAnalysis;Clock;50;<<HKDevice: 0x174c84f60>, name:iPhone, manufacturer:Apple, model:iPhone, hardware:iPhone8,4, software:10.2.1>;2017-04-04 06:30:26 -0500;2017-04-04 00:00:00 -0500;2017-04-04 02:53:56 -0500;HKCategoryValueSleepAnalysisInBed
HKCategoryTypeIdentifierSleepAnalysis;Clock;50;<<HKDevice: 0x174c85230>, name:iPhone, manufacturer:Apple, model:iPhone, hardware:iPhone8,4, software:10.2.1>;2017-04-04 06:30:26 -0500;2017-04-04 02:54:00 -0500;2017-04-04 06:30:26 -0500;HKCategoryValueSleepAnalysisInBed
HKCategoryTypeIdentifierSleepAnalysis;Clock;50;<<HKDevice: 0x174c84ec0>, name:iPhone, manufacturer:Apple, model:iPhone, hardware:iPhone8,4, software:10.2.1>;2017-04-05 06:44:20 -0500;2017-04-05 00:00:00 -0500;2017-04-05 06:44:20 -0500;HKCategoryValueSleepAnalysisInBed
HKCategoryTypeIdentifierSleepAnalysis;Clock;50;<<HKDevice: 0x174c85190>, name:iPhone, manufacturer:Apple, model:iPhone, hardware:iPhone8,4, software:10.2.1>;2017-04-06 06:30:15 -0500;2017-04-06 00:00:00 -0500;2017-04-06 06:30:15 -0500;HKCategoryValueSleepAnalysisInBed
HKCategoryTypeIdentifierSleepAnalysis;Clock;50;<<HKDevice: 0x174c84e20>, name:iPhone, manufacturer:Apple, model:iPhone, hardware:iPhone8,4, software:10.2.1>;2017-04-07 06:30:10 -0500;2017-04-07 00:00:00 -0500;2017-04-07 06:30:10 -0500;HKCategoryValueSleepAnalysisInBed
HKCategoryTypeIdentifierSleepAnalysis;Clock;50;<<HKDevice: 0x174c850f0>, name:iPhone, manufacturer:Apple, model:iPhone, hardware:iPhone8,4, software:10.2.1>;2017-04-10 06:30:10 -0500;2017-04-10 00:00:08 -0500;2017-04-10 06:16:52 -0500;HKCategoryValueSleepAnalysisInBed
HKCategoryTypeIdentifierSleepAnalysis;Clock;50;<<HKDevice: 0x174c84d80>, name:iPhone, manufacturer:Apple, model:iPhone, hardware:iPhone8,4, software:10.2.1>;2017-04-10 06:30:10 -0500;2017-04-10 06:17:24 -0500;2017-04-10 06:30:08 -0500;HKCategoryValueSleepAnalysisInBed
HKCategoryTypeIdentifierSleepAnalysis;Clock;50;<<HKDevice: 0x174c85050>, name:iPhone, manufacturer:Apple, model:iPhone, hardware:iPhone8,4, software:10.2.1>;2017-04-11 06:30:11 -0500;2017-04-11 00:00:00 -0500;2017-04-11 06:30:11 -0500;HKCategoryValueSleepAnalysisInBed
HKCategoryTypeIdentifierSleepAnalysis;Clock;50;<<HKDevice: 0x174c84ce0>, name:iPhone, manufacturer:Apple, model:iPhone, hardware:iPhone8,4, software:10.2.1>;2017-04-12 06:30:21 -0500;2017-04-12 00:06:03 -0500;2017-04-12 06:30:15 -0500;HKCategoryValueSleepAnalysisInBed
HKCategoryTypeIdentifierSleepAnalysis;Clock;50;<<HKDevice: 0x174c84fb0>, name:iPhone, manufacturer:Apple, model:iPhone, hardware:iPhone8,4, software:10.2.1>;2017-04-13 06:30:10 -0500;2017-04-13 00:03:35 -0500;2017-04-13 04:03:16 -0500;HKCategoryValueSleepAnalysisInBed
HKCategoryTypeIdentifierSleepAnalysis;Clock;50;<<HKDevice: 0x174c84c40>, name:iPhone, manufacturer:Apple, model:iPhone, hardware:iPhone8,4, software:10.2.1>;2017-04-13 06:30:10 -0500;2017-04-13 04:03:48 -0500;2017-04-13 04:44:56 -0500;HKCategoryValueSleepAnalysisInBed
HKCategoryTypeIdentifierSleepAnalysis;Clock;50;<<HKDevice: 0x174c84f10>, name:iPhone, manufacturer:Apple, model:iPhone, hardware:iPhone8,4, software:10.2.1>;2017-04-13 06:30:10 -0500;2017-04-13 04:45:36 -0500;2017-04-13 04:50:12 -0500;HKCategoryValueSleepAnalysisInBed
HKCategoryTypeIdentifierSleepAnalysis;Clock;50;<<HKDevice: 0x174c84ba0>, name:iPhone, manufacturer:Apple, model:iPhone, hardware:iPhone8,4, software:10.2.1>;2017-04-13 06:30:10 -0500;2017-04-13 04:52:48 -0500;2017-04-13 05:47:44 -0500;HKCategoryValueSleepAnalysisInBed
HKCategoryTypeIdentifierSleepAnalysis;Clock;50;<<HKDevice: 0x174c84e70>, name:iPhone, manufacturer:Apple, model:iPhone, hardware:iPhone8,4, software:10.2.1>;2017-04-13 06:30:10 -0500;2017-04-13 05:48:40 -0500;2017-04-13 06:26:00 -0500;HKCategoryValueSleepAnalysisInBed
HKCategoryTypeIdentifierSleepAnalysis;Clock;50;<<HKDevice: 0x174c84b00>, name:iPhone, manufacturer:Apple, model:iPhone, hardware:iPhone8,4, software:10.2.1>;2017-04-13 06:30:10 -0500;2017-04-13 06:26:36 -0500;2017-04-13 06:30:04 -0500;HKCategoryValueSleepAnalysisInBed
HKCategoryTypeIdentifierSleepAnalysis;Clock;50;<<HKDevice: 0x174c84dd0>, name:iPhone, manufacturer:Apple, model:iPhone, hardware:iPhone8,4, software:10.2.1>;2017-04-14 06:30:35 -0500;2017-04-14 00:00:00 -0500;2017-04-14 05:37:40 -0500;HKCategoryValueSleepAnalysisInBed
HKCategoryTypeIdentifierSleepAnalysis;Clock;50;<<HKDevice: 0x174c84a60>, name:iPhone, manufacturer:Apple, model:iPhone, hardware:iPhone8,4, software:10.2.1>;2017-04-14 06:30:35 -0500;2017-04-14 05:38:16 -0500;2017-04-14 06:30:35 -0500;HKCategoryValueSleepAnalysisInBed
HKCategoryTypeIdentifierSleepAnalysis;Clock;50;<<HKDevice: 0x174c84d30>, name:iPhone, manufacturer:Apple, model:iPhone, hardware:iPhone8,4, software:10.2.1>;2017-04-17 06:31:07 -0500;2017-04-17 00:00:00 -0500;2017-04-17 06:31:04 -0500;HKCategoryValueSleepAnalysisInBed
HKCategoryTypeIdentifierSleepAnalysis;Clock;50;<<HKDevice: 0x174c849c0>, name:iPhone, manufacturer:Apple, model:iPhone, hardware:iPhone8,4, software:10.3.1>;2017-04-18 06:30:06 -0500;2017-04-18 00:00:00 -0500;2017-04-18 06:30:06 -0500;HKCategoryValueSleepAnalysisInBed
HKCategoryTypeIdentifierSleepAnalysis;Clock;50;<<HKDevice: 0x174c84c90>, name:iPhone, manufacturer:Apple, model:iPhone, hardware:iPhone8,4, software:10.3.1>;2017-04-19 06:30:19 -0500;2017-04-19 00:00:00 -0500;2017-04-19 06:30:18 -0500;HKCategoryValueSleepAnalysisInBed
HKCategoryTypeIdentifierSleepAnalysis;Clock;50;<<HKDevice: 0x174c84920>, name:iPhone, manufacturer:Apple, model:iPhone, hardware:iPhone8,4, software:10.3.1>;2017-04-20 06:30:04 -0500;2017-04-20 00:00:00 -0500;2017-04-20 04:10:44 -0500;HKCategoryValueSleepAnalysisInBed
HKCategoryTypeIdentifierSleepAnalysis;Clock;50;<<HKDevice: 0x174c84bf0>, name:iPhone, manufacturer:Apple, model:iPhone, hardware:iPhone8,4, software:10.3.1>;2017-04-20 06:30:04 -0500;2017-04-20 04:11:20 -0500;2017-04-20 06:29:16 -0500;HKCategoryValueSleepAnalysisInBed
HKCategoryTypeIdentifierSleepAnalysis;Clock;50;<<HKDevice: 0x174c84880>, name:iPhone, manufacturer:Apple, model:iPhone, hardware:iPhone8,4, software:10.3.1>;2017-04-20 06:30:04 -0500;2017-04-20 06:29:48 -0500;2017-04-20 06:30:04 -0500;HKCategoryValueSleepAnalysisInBed
HKCategoryTypeIdentifierSleepAnalysis;Clock;50;<<HKDevice: 0x174c84b50>, name:iPhone, manufacturer:Apple, model:iPhone, hardware:iPhone8,4, software:10.3.1>;2017-04-21 06:30:09 -0500;2017-04-21 00:00:00 -0500;2017-04-21 02:27:40 -0500;HKCategoryValueSleepAnalysisInBed
HKCategoryTypeIdentifierSleepAnalysis;Clock;50;<<HKDevice: 0x174c847e0>, name:iPhone, manufacturer:Apple, model:iPhone, hardware:iPhone8,4, software:10.3.1>;2017-04-21 06:30:09 -0500;2017-04-21 02:28:16 -0500;2017-04-21 05:05:12 -0500;HKCategoryValueSleepAnalysisInBed
HKCategoryTypeIdentifierSleepAnalysis;Clock;50;<<HKDevice: 0x174c84ab0>, name:iPhone, manufacturer:Apple, model:iPhone, hardware:iPhone8,4, software:10.3.1>;2017-04-21 06:30:09 -0500;2017-04-21 05:06:36 -0500;2017-04-21 05:35:44 -0500;HKCategoryValueSleepAnalysisInBed
HKCategoryTypeIdentifierSleepAnalysis;Clock;50;<<HKDevice: 0x174c84740>, name:iPhone, manufacturer:Apple, model:iPhone, hardware:iPhone8,4, software:10.3.1>;2017-04-21 06:30:09 -0500;2017-04-21 05:35:52 -0500;2017-04-21 06:30:08 -0500;HKCategoryValueSleepAnalysisInBed
HKCategoryTypeIdentifierSleepAnalysis;Clock;50;<<HKDevice: 0x174c84a10>, name:iPhone, manufacturer:Apple, model:iPhone, hardware:iPhone8,4, software:10.3.1>;2017-04-24 06:31:10 -0500;2017-04-24 00:00:00 -0500;2017-04-24 05:52:16 -0500;HKCategoryValueSleepAnalysisInBed
HKCategoryTypeIdentifierSleepAnalysis;Clock;50;<<HKDevice: 0x174c846a0>, name:iPhone, manufacturer:Apple, model:iPhone, hardware:iPhone8,4, software:10.3.1>;2017-04-24 06:31:10 -0500;2017-04-24 05:52:52 -0500;2017-04-24 06:06:20 -0500;HKCategoryValueSleepAnalysisInBed
HKCategoryTypeIdentifierSleepAnalysis;Clock;50;<<HKDevice: 0x174c84970>, name:iPhone, manufacturer:Apple, model:iPhone, hardware:iPhone8,4, software:10.3.1>;2017-04-24 06:31:10 -0500;2017-04-24 06:09:00 -0500;2017-04-24 06:10:40 -0500;HKCategoryValueSleepAnalysisInBed
HKCategoryTypeIdentifierSleepAnalysis;Clock;50;<<HKDevice: 0x174c84600>, name:iPhone, manufacturer:Apple, model:iPhone, hardware:iPhone8,4, software:10.3.1>;2017-04-24 06:31:10 -0500;2017-04-24 06:11:12 -0500;2017-04-24 06:31:10 -0500;HKCategoryValueSleepAnalysisInBed
HKCategoryTypeIdentifierSleepAnalysis;Clock;50;<<HKDevice: 0x174c848d0>, name:iPhone, manufacturer:Apple, model:iPhone, hardware:iPhone8,4, software:10.3.1>;2017-04-25 06:41:44 -0500;2017-04-25 00:00:00 -0500;2017-04-25 06:41:40 -0500;HKCategoryValueSleepAnalysisInBed
HKCategoryTypeIdentifierSleepAnalysis;Clock;50;<<HKDevice: 0x174c84560>, name:iPhone, manufacturer:Apple, model:iPhone, hardware:iPhone8,4, software:10.3.1>;2017-04-27 06:30:11 -0500;2017-04-27 00:00:00 -0500;2017-04-27 06:30:11 -0500;HKCategoryValueSleepAnalysisInBed
HKCategoryTypeIdentifierSleepAnalysis;Clock;50;<<HKDevice: 0x174c84830>, name:iPhone, manufacturer:Apple, model:iPhone, hardware:iPhone8,4, software:10.3.1>;2017-04-28 06:30:16 -0500;2017-04-28 00:00:00 -0500;2017-04-28 06:30:15 -0500;HKCategoryValueSleepAnalysisInBed
HKCategoryTypeIdentifierSleepAnalysis;Clock;50;<<HKDevice: 0x174c844c0>, name:iPhone, manufacturer:Apple, model:iPhone, hardware:iPhone8,4, software:10.3.1>;2017-05-01 06:30:27 -0500;2017-05-01 00:00:00 -0500;2017-05-01 02:31:28 -0500;HKCategoryValueSleepAnalysisInBed
HKCategoryTypeIdentifierSleepAnalysis;Clock;50;<<HKDevice: 0x174c84790>, name:iPhone, manufacturer:Apple, model:iPhone, hardware:iPhone8,4, software:10.3.1>;2017-05-01 06:30:27 -0500;2017-05-01 02:32:04 -0500;2017-05-01 06:30:27 -0500;HKCategoryValueSleepAnalysisInBed
HKCategoryTypeIdentifierSleepAnalysis;Clock;50;<<HKDevice: 0x174c84420>, name:iPhone, manufacturer:Apple, model:iPhone, hardware:iPhone8,4, software:10.3.1>;2017-05-03 06:30:04 -0500;2017-05-03 00:00:00 -0500;2017-05-03 05:38:36 -0500;HKCategoryValueSleepAnalysisInBed
HKCategoryTypeIdentifierSleepAnalysis;Clock;50;<<HKDevice: 0x174c846f0>, name:iPhone, manufacturer:Apple, model:iPhone, hardware:iPhone8,4, software:10.3.1>;2017-05-03 06:30:04 -0500;2017-05-03 05:39:36 -0500;2017-05-03 05:52:40 -0500;HKCategoryValueSleepAnalysisInBed
HKCategoryTypeIdentifierSleepAnalysis;Clock;50;<<HKDevice: 0x174c84380>, name:iPhone, manufacturer:Apple, model:iPhone, hardware:iPhone8,4, software:10.3.1>;2017-05-03 06:30:04 -0500;2017-05-03 05:55:12 -0500;2017-05-03 06:02:04 -0500;HKCategoryValueSleepAnalysisInBed
HKCategoryTypeIdentifierSleepAnalysis;Clock;50;<<HKDevice: 0x174c84650>, name:iPhone, manufacturer:Apple, model:iPhone, hardware:iPhone8,4, software:10.3.1>;2017-05-03 06:30:04 -0500;2017-05-03 06:05:36 -0500;2017-05-03 06:09:04 -0500;HKCategoryValueSleepAnalysisInBed
HKCategoryTypeIdentifierSleepAnalysis;Clock;50;<<HKDevice: 0x174c842e0>, name:iPhone, manufacturer:Apple, model:iPhone, hardware:iPhone8,4, software:10.3.1>;2017-05-03 06:30:04 -0500;2017-05-03 06:11:24 -0500;2017-05-03 06:14:52 -0500;HKCategoryValueSleepAnalysisInBed
HKCategoryTypeIdentifierSleepAnalysis;Clock;50;<<HKDevice: 0x174c845b0>, name:iPhone, manufacturer:Apple, model:iPhone, hardware:iPhone8,4, software:10.3.1>;2017-05-03 06:30:04 -0500;2017-05-03 06:19:40 -0500;2017-05-03 06:20:28 -0500;HKCategoryValueSleepAnalysisInBed
HKCategoryTypeIdentifierSleepAnalysis;Clock;50;<<HKDevice: 0x174c84240>, name:iPhone, manufacturer:Apple, model:iPhone, hardware:iPhone8,4, software:10.3.1>;2017-05-03 06:30:04 -0500;2017-05-03 06:21:04 -0500;2017-05-03 06:21:32 -0500;HKCategoryValueSleepAnalysisInBed
HKCategoryTypeIdentifierSleepAnalysis;Clock;50;<<HKDevice: 0x174c84510>, name:iPhone, manufacturer:Apple, model:iPhone, hardware:iPhone8,4, software:10.3.1>;2017-05-03 06:30:04 -0500;2017-05-03 06:23:32 -0500;2017-05-03 06:30:04 -0500;HKCategoryValueSleepAnalysisInBed
HKCategoryTypeIdentifierSleepAnalysis;Clock;50;<<HKDevice: 0x174c841a0>, name:iPhone, manufacturer:Apple, model:iPhone, hardware:iPhone8,4, software:10.3.1>;2017-05-04 06:30:14 -0500;2017-05-04 00:24:16 -0500;2017-05-04 06:30:14 -0500;HKCategoryValueSleepAnalysisInBed
HKCategoryTypeIdentifierSleepAnalysis;Clock;50;<<HKDevice: 0x174c84470>, name:iPhone, manufacturer:Apple, model:iPhone, hardware:iPhone8,4, software:10.3.1>;2017-05-05 06:31:04 -0500;2017-05-05 00:00:00 -0500;2017-05-05 05:13:00 -0500;HKCategoryValueSleepAnalysisInBed
HKCategoryTypeIdentifierSleepAnalysis;Clock;50;<<HKDevice: 0x174c84100>, name:iPhone, manufacturer:Apple, model:iPhone, hardware:iPhone8,4, software:10.3.1>;2017-05-05 06:31:04 -0500;2017-05-05 05:13:32 -0500;2017-05-05 06:31:00 -0500;HKCategoryValueSleepAnalysisInBed
HKCategoryTypeIdentifierSleepAnalysis;Clock;50;<<HKDevice: 0x174c843d0>, name:iPhone, manufacturer:Apple, model:iPhone, hardware:iPhone8,4, software:10.3.1>;2017-05-08 06:39:58 -0500;2017-05-08 00:00:00 -0500;2017-05-08 06:30:40 -0500;HKCategoryValueSleepAnalysisInBed
HKCategoryTypeIdentifierSleepAnalysis;Clock;50;<<HKDevice: 0x174c84060>, name:iPhone, manufacturer:Apple, model:iPhone, hardware:iPhone8,4, software:10.3.1>;2017-05-08 06:39:58 -0500;2017-05-08 06:32:04 -0500;2017-05-08 06:39:58 -0500;HKCategoryValueSleepAnalysisInBed
HKCategoryTypeIdentifierSleepAnalysis;Clock;50;<<HKDevice: 0x174c84330>, name:iPhone, manufacturer:Apple, model:iPhone, hardware:iPhone8,4, software:10.3.1>;2017-05-09 06:30:04 -0500;2017-05-09 00:00:00 -0500;2017-05-09 06:26:36 -0500;HKCategoryValueSleepAnalysisInBed
HKCategoryTypeIdentifierSleepAnalysis;Clock;50;<<HKDevice: 0x174c83fc0>, name:iPhone, manufacturer:Apple, model:iPhone, hardware:iPhone8,4, software:10.3.1>;2017-05-09 06:30:04 -0500;2017-05-09 06:28:56 -0500;2017-05-09 06:30:03 -0500;HKCategoryValueSleepAnalysisInBed
HKCategoryTypeIdentifierSleepAnalysis;Clock;50;<<HKDevice: 0x174c84290>, name:iPhone, manufacturer:Apple, model:iPhone, hardware:iPhone8,4, software:10.3.1>;2017-05-10 06:30:25 -0500;2017-05-10 02:10:41 -0500;2017-05-10 06:30:20 -0500;HKCategoryValueSleepAnalysisInBed
HKCategoryTypeIdentifierSleepAnalysis;Clock;50;<<HKDevice: 0x174c83f20>, name:iPhone, manufacturer:Apple, model:iPhone, hardware:iPhone8,4, software:10.3.1>;2017-05-11 06:30:08 -0500;2017-05-11 00:00:00 -0500;2017-05-11 06:19:56 -0500;HKCategoryValueSleepAnalysisInBed
HKCategoryTypeIdentifierSleepAnalysis;Clock;50;<<HKDevice: 0x174c841f0>, name:iPhone, manufacturer:Apple, model:iPhone, hardware:iPhone8,4, software:10.3.1>;2017-05-11 06:30:08 -0500;2017-05-11 06:20:40 -0500;2017-05-11 06:30:08 -0500;HKCategoryValueSleepAnalysisInBed
HKCategoryTypeIdentifierSleepAnalysis;Clock;50;<<HKDevice: 0x174c83e80>, name:iPhone, manufacturer:Apple, model:iPhone, hardware:iPhone8,4, software:10.3.1>;2017-05-12 06:30:16 -0500;2017-05-12 00:04:40 -0500;2017-05-12 06:15:48 -0500;HKCategoryValueSleepAnalysisInBed
HKCategoryTypeIdentifierSleepAnalysis;Clock;50;<<HKDevice: 0x174c84150>, name:iPhone, manufacturer:Apple, model:iPhone, hardware:iPhone8,4, software:10.3.1>;2017-05-12 06:30:16 -0500;2017-05-12 06:16:20 -0500;2017-05-12 06:30:16 -0500;HKCategoryValueSleepAnalysisInBed
HKCategoryTypeIdentifierSleepAnalysis;Clock;50;<<HKDevice: 0x174c83de0>, name:iPhone, manufacturer:Apple, model:iPhone, hardware:iPhone8,4, software:10.3.1>;2017-05-15 06:30:16 -0500;2017-05-15 00:00:00 -0500;2017-05-15 06:20:24 -0500;HKCategoryValueSleepAnalysisInBed
HKCategoryTypeIdentifierSleepAnalysis;Clock;50;<<HKDevice: 0x174c840b0>, name:iPhone, manufacturer:Apple, model:iPhone, hardware:iPhone8,4, software:10.3.1>;2017-05-15 06:30:16 -0500;2017-05-15 06:21:00 -0500;2017-05-15 06:30:15 -0500;HKCategoryValueSleepAnalysisInBed
HKCategoryTypeIdentifierSleepAnalysis;Clock;50;<<HKDevice: 0x174c83d40>, name:iPhone, manufacturer:Apple, model:iPhone, hardware:iPhone8,4, software:10.3.1>;2017-05-16 06:30:34 -0500;2017-05-16 00:33:13 -0500;2017-05-16 06:30:24 -0500;HKCategoryValueSleepAnalysisInBed
HKCategoryTypeIdentifierSleepAnalysis;Clock;50;<<HKDevice: 0x174c84010>, name:iPhone, manufacturer:Apple, model:iPhone, hardware:iPhone8,4, software:10.3.1>;2017-05-16 06:30:34 -0500;2017-05-16 06:30:28 -0500;2017-05-16 06:30:28 -0500;HKCategoryValueSleepAnalysisInBed
HKCategoryTypeIdentifierSleepAnalysis;Clock;50;<<HKDevice: 0x174c83ca0>, name:iPhone, manufacturer:Apple, model:iPhone, hardware:iPhone8,4, software:10.3.1>;2017-05-17 06:30:16 -0500;2017-05-17 00:00:00 -0500;2017-05-17 06:30:15 -0500;HKCategoryValueSleepAnalysisInBed
HKCategoryTypeIdentifierSleepAnalysis;Clock;50;<<HKDevice: 0x174c83f70>, name:iPhone, manufacturer:Apple, model:iPhone, hardware:iPhone8,4, software:10.3.1>;2017-05-19 06:30:40 -0500;2017-05-19 00:00:00 -0500;2017-05-19 06:30:36 -0500;HKCategoryValueSleepAnalysisInBed
HKCategoryTypeIdentifierSleepAnalysis;Clock;50;<<HKDevice: 0x174c83c00>, name:iPhone, manufacturer:Apple, model:iPhone, hardware:iPhone8,4, software:10.3.1>;2017-05-22 06:30:36 -0500;2017-05-22 00:39:20 -0500;2017-05-22 06:30:32 -0500;HKCategoryValueSleepAnalysisInBed
HKCategoryTypeIdentifierSleepAnalysis;Clock;50;<<HKDevice: 0x174c83ed0>, name:iPhone, manufacturer:Apple, model:iPhone, hardware:iPhone8,4, software:10.3.1>;2017-05-23 06:30:25 -0500;2017-05-23 00:00:00 -0500;2017-05-23 05:51:24 -0500;HKCategoryValueSleepAnalysisInBed
HKCategoryTypeIdentifierSleepAnalysis;Clock;50;<<HKDevice: 0x174c83b60>, name:iPhone, manufacturer:Apple, model:iPhone, hardware:iPhone8,4, software:10.3.1>;2017-05-23 06:30:25 -0500;2017-05-23 05:55:16 -0500;2017-05-23 06:06:20 -0500;HKCategoryValueSleepAnalysisInBed
HKCategoryTypeIdentifierSleepAnalysis;Clock;50;<<HKDevice: 0x174c83e30>, name:iPhone, manufacturer:Apple, model:iPhone, hardware:iPhone8,4, software:10.3.1>;2017-05-23 06:30:25 -0500;2017-05-23 06:09:56 -0500;2017-05-23 06:12:20 -0500;HKCategoryValueSleepAnalysisInBed
HKCategoryTypeIdentifierSleepAnalysis;Clock;50;<<HKDevice: 0x174c83ac0>, name:iPhone, manufacturer:Apple, model:iPhone, hardware:iPhone8,4, software:10.3.1>;2017-05-23 06:30:25 -0500;2017-05-23 06:12:24 -0500;2017-05-23 06:13:48 -0500;HKCategoryValueSleepAnalysisInBed
HKCategoryTypeIdentifierSleepAnalysis;Clock;50;<<HKDevice: 0x174c83d90>, name:iPhone, manufacturer:Apple, model:iPhone, hardware:iPhone8,4, software:10.3.1>;2017-05-23 06:30:25 -0500;2017-05-23 06:13:52 -0500;2017-05-23 06:30:24 -0500;HKCategoryValueSleepAnalysisInBed
HKCategoryTypeIdentifierSleepAnalysis;Clock;50;<<HKDevice: 0x174c83a20>, name:iPhone, manufacturer:Apple, model:iPhone, hardware:iPhone8,4, software:10.3.1>;2017-05-24 07:09:10 -0500;2017-05-24 00:00:00 -0500;2017-05-24 06:50:12 -0500;HKCategoryValueSleepAnalysisInBed
HKCategoryTypeIdentifierSleepAnalysis;Clock;50;<<HKDevice: 0x174c83cf0>, name:iPhone, manufacturer:Apple, model:iPhone, hardware:iPhone8,4, software:10.3.1>;2017-05-24 07:09:10 -0500;2017-05-24 06:51:36 -0500;2017-05-24 06:59:48 -0500;HKCategoryValueSleepAnalysisInBed
HKCategoryTypeIdentifierSleepAnalysis;Clock;50;<<HKDevice: 0x174c839d0>, name:iPhone, manufacturer:Apple, model:iPhone, hardware:iPhone8,4, software:10.3.1>;2017-05-24 07:09:10 -0500;2017-05-24 07:00:16 -0500;2017-05-24 07:02:04 -0500;HKCategoryValueSleepAnalysisInBed
HKCategoryTypeIdentifierSleepAnalysis;Clock;50;<<HKDevice: 0x174c83c50>, name:iPhone, manufacturer:Apple, model:iPhone, hardware:iPhone8,4, software:10.3.1>;2017-05-24 07:09:10 -0500;2017-05-24 07:03:24 -0500;2017-05-24 07:07:08 -0500;HKCategoryValueSleepAnalysisInBed
HKCategoryTypeIdentifierSleepAnalysis;Clock;50;<<HKDevice: 0x174c83930>, name:iPhone, manufacturer:Apple, model:iPhone, hardware:iPhone8,4, software:10.3.1>;2017-05-24 07:09:10 -0500;2017-05-24 07:07:20 -0500;2017-05-24 07:09:10 -0500;HKCategoryValueSleepAnalysisInBed
HKCategoryTypeIdentifierSleepAnalysis;Clock;50;<<HKDevice: 0x174c83bb0>, name:iPhone, manufacturer:Apple, model:iPhone, hardware:iPhone8,4, software:10.3.1>;2017-05-25 06:40:24 -0500;2017-05-25 00:00:00 -0500;2017-05-25 06:04:52 -0500;HKCategoryValueSleepAnalysisInBed
HKCategoryTypeIdentifierSleepAnalysis;Clock;50;<<HKDevice: 0x174c83890>, name:iPhone, manufacturer:Apple, model:iPhone, hardware:iPhone8,4, software:10.3.1>;2017-05-25 06:40:24 -0500;2017-05-25 06:06:40 -0500;2017-05-25 06:08:16 -0500;HKCategoryValueSleepAnalysisInBed
HKCategoryTypeIdentifierSleepAnalysis;Clock;50;<<HKDevice: 0x174c83b10>, name:iPhone, manufacturer:Apple, model:iPhone, hardware:iPhone8,4, software:10.3.1>;2017-05-25 06:40:24 -0500;2017-05-25 06:09:16 -0500;2017-05-25 06:11:52 -0500;HKCategoryValueSleepAnalysisInBed
HKCategoryTypeIdentifierSleepAnalysis;Clock;50;<<HKDevice: 0x174c837f0>, name:iPhone, manufacturer:Apple, model:iPhone, hardware:iPhone8,4, software:10.3.1>;2017-05-25 06:40:24 -0500;2017-05-25 06:13:00 -0500;2017-05-25 06:15:04 -0500;HKCategoryValueSleepAnalysisInBed
HKCategoryTypeIdentifierSleepAnalysis;Clock;50;<<HKDevice: 0x174c83980>, name:iPhone, manufacturer:Apple, model:iPhone, hardware:iPhone8,4, software:10.3.1>;2017-05-25 06:40:24 -0500;2017-05-25 06:15:28 -0500;2017-05-25 06:27:40 -0500;HKCategoryValueSleepAnalysisInBed
HKCategoryTypeIdentifierSleepAnalysis;Clock;50;<<HKDevice: 0x174c83750>, name:iPhone, manufacturer:Apple, model:iPhone, hardware:iPhone8,4, software:10.3.1>;2017-05-25 06:40:24 -0500;2017-05-25 06:27:52 -0500;2017-05-25 06:40:23 -0500;HKCategoryValueSleepAnalysisInBed
